,PUBorough,date,hour,trip
0,Bronx,01,1,1
1,Bronx,01,2,1
2,Bronx,01,3,1
3,Bronx,01,4,2
4,Bronx,01,12,2
5,Bronx,01,14,1
6,Bronx,01,18,2
7,Bronx,01,19,2
8,Bronx,01,20,3
9,Bronx,02,1,1
10,Bronx,02,2,1
11,Bronx,02,4,1
12,Bronx,02,6,1
13,Bronx,02,7,1
14,Bronx,02,9,1
15,Bronx,02,10,2
16,Bronx,02,11,1
17,Bronx,02,14,3
18,Bronx,02,15,1
19,Bronx,02,16,1
20,Bronx,02,17,1
21,Bronx,02,19,2
22,Bronx,02,20,1
23,Bronx,02,21,1
24,Bronx,02,22,1
25,Bronx,02,23,1
26,Bronx,03,0,1
27,Bronx,03,7,1
28,Bronx,03,8,2
29,Bronx,03,9,1
30,Bronx,03,13,1
31,Bronx,03,15,1
32,Bronx,03,16,1
33,Bronx,03,17,1
34,Bronx,03,19,1
35,Bronx,04,2,1
36,Bronx,04,5,1
37,Bronx,04,8,1
38,Bronx,04,9,1
39,Bronx,04,11,2
40,Bronx,04,12,3
41,Bronx,04,13,1
42,Bronx,04,14,3
43,Bronx,04,15,1
44,Bronx,04,16,2
45,Bronx,04,17,1
46,Bronx,04,18,6
47,Bronx,04,19,5
48,Bronx,04,20,2
49,Bronx,04,21,1
50,Bronx,04,23,2
51,Bronx,05,5,1
52,Bronx,05,10,1
53,Bronx,05,11,1
54,Bronx,05,12,2
55,Bronx,05,13,3
56,Bronx,05,14,4
57,Bronx,05,15,2
58,Bronx,05,17,3
59,Bronx,05,18,2
60,Bronx,05,19,1
61,Bronx,05,20,2
62,Bronx,05,21,1
63,Bronx,05,22,2
64,Bronx,06,8,3
65,Bronx,06,9,1
66,Bronx,06,10,3
67,Bronx,06,11,2
68,Bronx,06,12,1
69,Bronx,06,13,1
70,Bronx,06,14,2
71,Bronx,06,15,2
72,Bronx,06,16,2
73,Bronx,06,18,2
74,Bronx,06,19,4
75,Bronx,06,20,1
76,Bronx,06,21,1
77,Bronx,06,22,2
78,Bronx,07,0,1
79,Bronx,07,2,1
80,Bronx,07,4,1
81,Bronx,07,8,1
82,Bronx,07,10,1
83,Bronx,07,12,1
84,Bronx,07,13,1
85,Bronx,07,14,2
86,Bronx,07,15,4
87,Bronx,07,16,1
88,Bronx,07,17,1
89,Bronx,07,18,3
90,Bronx,07,19,2
91,Bronx,07,20,2
92,Bronx,07,21,2
93,Bronx,07,22,2
94,Bronx,07,23,1
95,Bronx,08,0,1
96,Bronx,08,2,1
97,Bronx,08,11,1
98,Bronx,08,14,1
99,Bronx,08,15,2
100,Bronx,08,18,1
101,Bronx,08,19,1
102,Bronx,08,20,1
103,Bronx,09,3,1
104,Bronx,09,11,1
105,Bronx,09,12,3
106,Bronx,09,14,1
107,Bronx,09,16,1
108,Bronx,09,17,1
109,Bronx,09,19,1
110,Bronx,09,20,1
111,Bronx,10,0,1
112,Bronx,10,4,1
113,Bronx,10,7,1
114,Bronx,10,13,1
115,Bronx,10,14,1
116,Bronx,10,15,1
117,Bronx,10,16,1
118,Bronx,10,17,3
119,Bronx,10,20,1
120,Bronx,11,5,1
121,Bronx,11,9,1
122,Bronx,11,10,2
123,Bronx,11,11,1
124,Bronx,11,13,1
125,Bronx,11,14,3
126,Bronx,11,16,3
127,Bronx,11,17,2
128,Bronx,11,18,2
129,Bronx,11,19,1
130,Bronx,12,7,1
131,Bronx,12,9,1
132,Bronx,12,10,3
133,Bronx,12,12,2
134,Bronx,12,15,2
135,Bronx,12,18,1
136,Bronx,12,20,2
137,Bronx,12,22,1
138,Bronx,13,0,1
139,Bronx,13,7,1
140,Bronx,13,8,1
141,Bronx,13,12,2
142,Bronx,13,14,2
143,Bronx,13,15,2
144,Bronx,13,16,1
145,Bronx,13,17,2
146,Bronx,13,18,2
147,Bronx,13,19,2
148,Bronx,13,20,2
149,Bronx,13,22,2
150,Bronx,14,0,1
151,Bronx,14,10,2
152,Bronx,14,12,3
153,Bronx,14,14,2
154,Bronx,14,15,1
155,Bronx,14,16,1
156,Bronx,14,17,1
157,Bronx,14,18,2
158,Bronx,14,19,2
159,Bronx,14,22,1
160,Bronx,15,0,2
161,Bronx,15,1,1
162,Bronx,15,14,1
163,Bronx,15,15,1
164,Bronx,15,16,2
165,Bronx,15,17,1
166,Bronx,15,19,2
167,Bronx,16,1,1
168,Bronx,16,4,2
169,Bronx,16,5,1
170,Bronx,16,7,1
171,Bronx,16,9,2
172,Bronx,16,10,1
173,Bronx,16,13,2
174,Bronx,16,14,1
175,Bronx,16,16,1
176,Bronx,16,18,2
177,Bronx,16,19,1
178,Bronx,17,9,3
179,Bronx,17,10,1
180,Bronx,17,11,1
181,Bronx,17,12,2
182,Bronx,17,13,4
183,Bronx,17,16,2
184,Bronx,17,17,1
185,Bronx,17,19,1
186,Bronx,17,21,1
187,Bronx,18,8,1
188,Bronx,18,10,1
189,Bronx,18,12,1
190,Bronx,18,13,2
191,Bronx,18,14,1
192,Bronx,18,15,2
193,Bronx,18,16,1
194,Bronx,18,17,2
195,Bronx,18,18,2
196,Bronx,18,19,1
197,Bronx,19,0,1
198,Bronx,19,8,2
199,Bronx,19,10,1
200,Bronx,19,11,3
201,Bronx,19,13,4
202,Bronx,19,14,1
203,Bronx,19,15,1
204,Bronx,19,16,1
205,Bronx,19,20,1
206,Bronx,19,21,1
207,Bronx,19,22,1
208,Bronx,20,10,1
209,Bronx,20,11,1
210,Bronx,20,13,2
211,Bronx,20,14,2
212,Bronx,20,15,4
213,Bronx,20,16,6
214,Bronx,20,17,2
215,Bronx,20,22,2
216,Bronx,20,23,1
217,Bronx,21,1,1
218,Bronx,21,3,1
219,Bronx,21,5,1
220,Bronx,21,8,1
221,Bronx,21,9,1
222,Bronx,21,10,2
223,Bronx,21,11,1
224,Bronx,21,12,1
225,Bronx,21,13,1
226,Bronx,21,15,1
227,Bronx,21,16,2
228,Bronx,21,17,1
229,Bronx,21,18,1
230,Bronx,21,19,1
231,Bronx,21,21,1
232,Bronx,21,23,2
233,Bronx,22,0,1
234,Bronx,22,1,1
235,Bronx,22,2,1
236,Bronx,22,10,1
237,Bronx,22,11,1
238,Bronx,22,12,1
239,Bronx,22,15,1
240,Bronx,22,20,2
241,Bronx,22,21,3
242,Bronx,23,3,2
243,Bronx,23,10,2
244,Bronx,23,11,1
245,Bronx,23,12,2
246,Bronx,23,13,1
247,Bronx,23,19,1
248,Bronx,24,0,1
249,Bronx,24,10,1
250,Bronx,24,11,2
251,Bronx,24,12,1
252,Bronx,24,14,2
253,Bronx,24,15,1
254,Bronx,24,19,1
255,Bronx,25,8,1
256,Bronx,25,13,1
257,Bronx,25,14,3
258,Bronx,25,16,2
259,Bronx,25,17,1
260,Bronx,25,18,1
261,Bronx,25,19,3
262,Bronx,26,2,1
263,Bronx,26,5,1
264,Bronx,26,8,2
265,Bronx,26,9,3
266,Bronx,26,10,3
267,Bronx,26,11,1
268,Bronx,26,12,1
269,Bronx,26,14,2
270,Bronx,26,16,1
271,Bronx,26,20,2
272,Bronx,26,21,1
273,Bronx,26,23,1
274,Bronx,27,0,1
275,Bronx,27,1,1
276,Bronx,27,4,1
277,Bronx,27,8,1
278,Bronx,27,9,3
279,Bronx,27,10,2
280,Bronx,27,14,1
281,Bronx,27,15,1
282,Bronx,27,16,1
283,Bronx,27,17,2
284,Bronx,27,18,1
285,Bronx,27,19,2
286,Bronx,27,21,1
287,Bronx,27,23,2
288,Bronx,28,2,1
289,Bronx,28,7,2
290,Bronx,28,9,1
291,Bronx,28,10,1
292,Bronx,28,12,2
293,Bronx,28,13,2
294,Bronx,28,15,1
295,Bronx,28,16,1
296,Bronx,28,18,3
297,Bronx,28,19,1
298,Bronx,28,20,1
299,Bronx,28,21,1
300,Bronx,28,23,3
301,Bronx,29,0,3
302,Bronx,29,1,2
303,Bronx,29,13,2
304,Bronx,29,14,2
305,Bronx,29,15,1
306,Bronx,29,20,2
307,Bronx,29,23,1
308,Bronx,30,0,1
309,Bronx,30,2,1
310,Bronx,30,8,1
311,Bronx,30,10,1
312,Bronx,30,11,2
313,Bronx,30,12,1
314,Bronx,30,13,1
315,Bronx,30,14,1
316,Bronx,30,15,2
317,Bronx,30,16,3
318,Bronx,30,17,1
319,Bronx,30,20,1
320,Bronx,30,23,1
321,Bronx,31,10,3
322,Bronx,31,11,1
323,Bronx,31,12,3
324,Bronx,31,13,1
325,Bronx,31,18,1
326,Bronx,31,20,1
327,Brooklyn,01,0,12
328,Brooklyn,01,1,15
329,Brooklyn,01,2,13
330,Brooklyn,01,3,10
331,Brooklyn,01,4,11
332,Brooklyn,01,5,2
333,Brooklyn,01,7,2
334,Brooklyn,01,9,3
335,Brooklyn,01,10,4
336,Brooklyn,01,11,6
337,Brooklyn,01,12,2
338,Brooklyn,01,13,8
339,Brooklyn,01,14,3
340,Brooklyn,01,15,3
341,Brooklyn,01,16,10
342,Brooklyn,01,17,6
343,Brooklyn,01,18,5
344,Brooklyn,01,19,8
345,Brooklyn,01,20,6
346,Brooklyn,01,21,7
347,Brooklyn,01,22,4
348,Brooklyn,01,23,5
349,Brooklyn,02,0,3
350,Brooklyn,02,1,1
351,Brooklyn,02,2,1
352,Brooklyn,02,5,1
353,Brooklyn,02,7,1
354,Brooklyn,02,8,1
355,Brooklyn,02,9,6
356,Brooklyn,02,10,9
357,Brooklyn,02,11,10
358,Brooklyn,02,12,7
359,Brooklyn,02,13,14
360,Brooklyn,02,14,14
361,Brooklyn,02,15,17
362,Brooklyn,02,16,12
363,Brooklyn,02,17,14
364,Brooklyn,02,18,15
365,Brooklyn,02,19,11
366,Brooklyn,02,20,14
367,Brooklyn,02,21,8
368,Brooklyn,02,22,4
369,Brooklyn,02,23,7
370,Brooklyn,03,0,1
371,Brooklyn,03,1,2
372,Brooklyn,03,2,2
373,Brooklyn,03,5,1
374,Brooklyn,03,6,1
375,Brooklyn,03,7,7
376,Brooklyn,03,8,3
377,Brooklyn,03,9,6
378,Brooklyn,03,10,6
379,Brooklyn,03,11,7
380,Brooklyn,03,12,7
381,Brooklyn,03,13,12
382,Brooklyn,03,14,10
383,Brooklyn,03,15,16
384,Brooklyn,03,16,16
385,Brooklyn,03,17,16
386,Brooklyn,03,18,12
387,Brooklyn,03,19,16
388,Brooklyn,03,20,14
389,Brooklyn,03,21,9
390,Brooklyn,03,22,3
391,Brooklyn,03,23,3
392,Brooklyn,04,0,1
393,Brooklyn,04,1,1
394,Brooklyn,04,5,1
395,Brooklyn,04,6,1
396,Brooklyn,04,8,3
397,Brooklyn,04,9,9
398,Brooklyn,04,10,3
399,Brooklyn,04,11,8
400,Brooklyn,04,12,6
401,Brooklyn,04,13,13
402,Brooklyn,04,14,9
403,Brooklyn,04,15,20
404,Brooklyn,04,16,15
405,Brooklyn,04,17,15
406,Brooklyn,04,18,21
407,Brooklyn,04,19,19
408,Brooklyn,04,20,13
409,Brooklyn,04,21,6
410,Brooklyn,04,22,6
411,Brooklyn,04,23,4
412,Brooklyn,05,0,4
413,Brooklyn,05,1,1
414,Brooklyn,05,2,1
415,Brooklyn,05,5,2
416,Brooklyn,05,6,2
417,Brooklyn,05,7,2
418,Brooklyn,05,8,5
419,Brooklyn,05,9,6
420,Brooklyn,05,10,3
421,Brooklyn,05,11,10
422,Brooklyn,05,12,17
423,Brooklyn,05,13,15
424,Brooklyn,05,14,12
425,Brooklyn,05,15,14
426,Brooklyn,05,16,16
427,Brooklyn,05,17,22
428,Brooklyn,05,18,24
429,Brooklyn,05,19,23
430,Brooklyn,05,20,21
431,Brooklyn,05,21,8
432,Brooklyn,05,22,9
433,Brooklyn,05,23,10
434,Brooklyn,06,0,1
435,Brooklyn,06,1,2
436,Brooklyn,06,4,1
437,Brooklyn,06,5,1
438,Brooklyn,06,6,1
439,Brooklyn,06,7,2
440,Brooklyn,06,8,6
441,Brooklyn,06,9,3
442,Brooklyn,06,10,5
443,Brooklyn,06,11,4
444,Brooklyn,06,12,10
445,Brooklyn,06,13,5
446,Brooklyn,06,14,16
447,Brooklyn,06,15,14
448,Brooklyn,06,16,17
449,Brooklyn,06,17,22
450,Brooklyn,06,18,24
451,Brooklyn,06,19,17
452,Brooklyn,06,20,19
453,Brooklyn,06,21,16
454,Brooklyn,06,22,15
455,Brooklyn,06,23,4
456,Brooklyn,07,0,12
457,Brooklyn,07,1,10
458,Brooklyn,07,2,10
459,Brooklyn,07,3,8
460,Brooklyn,07,4,5
461,Brooklyn,07,5,1
462,Brooklyn,07,8,5
463,Brooklyn,07,9,6
464,Brooklyn,07,10,8
465,Brooklyn,07,11,12
466,Brooklyn,07,12,13
467,Brooklyn,07,13,20
468,Brooklyn,07,14,15
469,Brooklyn,07,15,18
470,Brooklyn,07,16,26
471,Brooklyn,07,17,15
472,Brooklyn,07,18,15
473,Brooklyn,07,19,16
474,Brooklyn,07,20,19
475,Brooklyn,07,21,15
476,Brooklyn,07,22,13
477,Brooklyn,07,23,19
478,Brooklyn,08,0,11
479,Brooklyn,08,1,9
480,Brooklyn,08,2,14
481,Brooklyn,08,3,6
482,Brooklyn,08,4,5
483,Brooklyn,08,8,1
484,Brooklyn,08,9,4
485,Brooklyn,08,10,10
486,Brooklyn,08,11,6
487,Brooklyn,08,12,12
488,Brooklyn,08,13,16
489,Brooklyn,08,14,9
490,Brooklyn,08,15,18
491,Brooklyn,08,16,17
492,Brooklyn,08,17,23
493,Brooklyn,08,18,10
494,Brooklyn,08,19,11
495,Brooklyn,08,20,7
496,Brooklyn,08,21,7
497,Brooklyn,08,22,8
498,Brooklyn,08,23,2
499,Brooklyn,09,0,1
500,Brooklyn,09,1,4
501,Brooklyn,09,2,2
502,Brooklyn,09,5,2
503,Brooklyn,09,7,7
504,Brooklyn,09,8,8
505,Brooklyn,09,9,3
506,Brooklyn,09,10,6
507,Brooklyn,09,11,6
508,Brooklyn,09,12,6
509,Brooklyn,09,13,13
510,Brooklyn,09,14,12
511,Brooklyn,09,15,9
512,Brooklyn,09,16,18
513,Brooklyn,09,17,15
514,Brooklyn,09,18,14
515,Brooklyn,09,19,15
516,Brooklyn,09,20,14
517,Brooklyn,09,21,8
518,Brooklyn,09,22,8
519,Brooklyn,09,23,5
520,Brooklyn,10,0,3
521,Brooklyn,10,2,1
522,Brooklyn,10,5,1
523,Brooklyn,10,6,1
524,Brooklyn,10,7,3
525,Brooklyn,10,8,2
526,Brooklyn,10,9,7
527,Brooklyn,10,10,5
528,Brooklyn,10,11,2
529,Brooklyn,10,12,17
530,Brooklyn,10,13,9
531,Brooklyn,10,14,12
532,Brooklyn,10,15,17
533,Brooklyn,10,16,9
534,Brooklyn,10,17,12
535,Brooklyn,10,18,22
536,Brooklyn,10,19,16
537,Brooklyn,10,20,16
538,Brooklyn,10,21,3
539,Brooklyn,10,22,6
540,Brooklyn,11,0,2
541,Brooklyn,11,1,1
542,Brooklyn,11,2,1
543,Brooklyn,11,6,1
544,Brooklyn,11,7,3
545,Brooklyn,11,8,2
546,Brooklyn,11,9,6
547,Brooklyn,11,10,10
548,Brooklyn,11,11,11
549,Brooklyn,11,12,14
550,Brooklyn,11,13,9
551,Brooklyn,11,14,7
552,Brooklyn,11,15,9
553,Brooklyn,11,16,14
554,Brooklyn,11,17,20
555,Brooklyn,11,18,19
556,Brooklyn,11,19,16
557,Brooklyn,11,20,12
558,Brooklyn,11,21,8
559,Brooklyn,11,22,4
560,Brooklyn,11,23,5
561,Brooklyn,12,0,2
562,Brooklyn,12,1,4
563,Brooklyn,12,2,2
564,Brooklyn,12,5,1
565,Brooklyn,12,6,1
566,Brooklyn,12,7,4
567,Brooklyn,12,8,4
568,Brooklyn,12,9,5
569,Brooklyn,12,10,12
570,Brooklyn,12,11,7
571,Brooklyn,12,12,6
572,Brooklyn,12,13,7
573,Brooklyn,12,14,18
574,Brooklyn,12,15,15
575,Brooklyn,12,16,13
576,Brooklyn,12,17,20
577,Brooklyn,12,18,19
578,Brooklyn,12,19,16
579,Brooklyn,12,20,16
580,Brooklyn,12,21,14
581,Brooklyn,12,22,7
582,Brooklyn,12,23,6
583,Brooklyn,13,0,4
584,Brooklyn,13,1,5
585,Brooklyn,13,3,2
586,Brooklyn,13,6,1
587,Brooklyn,13,7,2
588,Brooklyn,13,8,4
589,Brooklyn,13,9,6
590,Brooklyn,13,10,5
591,Brooklyn,13,11,8
592,Brooklyn,13,12,5
593,Brooklyn,13,13,11
594,Brooklyn,13,14,16
595,Brooklyn,13,15,16
596,Brooklyn,13,16,7
597,Brooklyn,13,17,18
598,Brooklyn,13,18,24
599,Brooklyn,13,19,24
600,Brooklyn,13,20,19
601,Brooklyn,13,21,15
602,Brooklyn,13,22,10
603,Brooklyn,13,23,10
604,Brooklyn,14,0,6
605,Brooklyn,14,1,9
606,Brooklyn,14,2,12
607,Brooklyn,14,3,11
608,Brooklyn,14,4,8
609,Brooklyn,14,7,1
610,Brooklyn,14,8,2
611,Brooklyn,14,9,3
612,Brooklyn,14,10,9
613,Brooklyn,14,11,10
614,Brooklyn,14,12,14
615,Brooklyn,14,13,14
616,Brooklyn,14,14,10
617,Brooklyn,14,15,21
618,Brooklyn,14,16,26
619,Brooklyn,14,17,21
620,Brooklyn,14,18,21
621,Brooklyn,14,19,19
622,Brooklyn,14,20,30
623,Brooklyn,14,21,20
624,Brooklyn,14,22,14
625,Brooklyn,14,23,11
626,Brooklyn,15,0,7
627,Brooklyn,15,1,13
628,Brooklyn,15,2,9
629,Brooklyn,15,3,7
630,Brooklyn,15,4,4
631,Brooklyn,15,6,2
632,Brooklyn,15,8,2
633,Brooklyn,15,9,2
634,Brooklyn,15,10,10
635,Brooklyn,15,11,13
636,Brooklyn,15,12,13
637,Brooklyn,15,13,18
638,Brooklyn,15,14,14
639,Brooklyn,15,15,20
640,Brooklyn,15,16,18
641,Brooklyn,15,17,28
642,Brooklyn,15,18,15
643,Brooklyn,15,19,8
644,Brooklyn,15,20,18
645,Brooklyn,15,21,10
646,Brooklyn,15,22,4
647,Brooklyn,15,23,9
648,Brooklyn,16,0,5
649,Brooklyn,16,1,3
650,Brooklyn,16,2,1
651,Brooklyn,16,4,2
652,Brooklyn,16,5,1
653,Brooklyn,16,8,1
654,Brooklyn,16,9,4
655,Brooklyn,16,10,7
656,Brooklyn,16,11,6
657,Brooklyn,16,12,13
658,Brooklyn,16,13,12
659,Brooklyn,16,14,15
660,Brooklyn,16,15,15
661,Brooklyn,16,16,11
662,Brooklyn,16,17,12
663,Brooklyn,16,18,19
664,Brooklyn,16,19,20
665,Brooklyn,16,20,11
666,Brooklyn,16,21,11
667,Brooklyn,16,22,3
668,Brooklyn,17,0,2
669,Brooklyn,17,1,3
670,Brooklyn,17,7,4
671,Brooklyn,17,8,3
672,Brooklyn,17,9,4
673,Brooklyn,17,10,4
674,Brooklyn,17,11,6
675,Brooklyn,17,12,7
676,Brooklyn,17,13,10
677,Brooklyn,17,14,14
678,Brooklyn,17,15,11
679,Brooklyn,17,16,16
680,Brooklyn,17,17,12
681,Brooklyn,17,18,23
682,Brooklyn,17,19,18
683,Brooklyn,17,20,15
684,Brooklyn,17,21,12
685,Brooklyn,17,22,4
686,Brooklyn,17,23,8
687,Brooklyn,18,0,1
688,Brooklyn,18,1,1
689,Brooklyn,18,5,1
690,Brooklyn,18,6,2
691,Brooklyn,18,8,4
692,Brooklyn,18,9,3
693,Brooklyn,18,10,11
694,Brooklyn,18,11,13
695,Brooklyn,18,12,8
696,Brooklyn,18,13,6
697,Brooklyn,18,14,10
698,Brooklyn,18,15,14
699,Brooklyn,18,16,11
700,Brooklyn,18,17,16
701,Brooklyn,18,18,13
702,Brooklyn,18,19,12
703,Brooklyn,18,20,13
704,Brooklyn,18,21,5
705,Brooklyn,18,22,6
706,Brooklyn,18,23,3
707,Brooklyn,19,0,1
708,Brooklyn,19,1,2
709,Brooklyn,19,4,1
710,Brooklyn,19,6,1
711,Brooklyn,19,7,4
712,Brooklyn,19,8,3
713,Brooklyn,19,9,14
714,Brooklyn,19,10,6
715,Brooklyn,19,11,7
716,Brooklyn,19,12,8
717,Brooklyn,19,13,11
718,Brooklyn,19,14,10
719,Brooklyn,19,15,10
720,Brooklyn,19,16,14
721,Brooklyn,19,17,20
722,Brooklyn,19,18,17
723,Brooklyn,19,19,19
724,Brooklyn,19,20,21
725,Brooklyn,19,21,10
726,Brooklyn,19,22,11
727,Brooklyn,19,23,6
728,Brooklyn,20,0,7
729,Brooklyn,20,1,4
730,Brooklyn,20,2,2
731,Brooklyn,20,4,1
732,Brooklyn,20,6,2
733,Brooklyn,20,7,4
734,Brooklyn,20,8,4
735,Brooklyn,20,9,5
736,Brooklyn,20,10,5
737,Brooklyn,20,11,9
738,Brooklyn,20,12,9
739,Brooklyn,20,13,9
740,Brooklyn,20,14,9
741,Brooklyn,20,15,15
742,Brooklyn,20,16,12
743,Brooklyn,20,17,11
744,Brooklyn,20,18,12
745,Brooklyn,20,19,24
746,Brooklyn,20,20,13
747,Brooklyn,20,21,17
748,Brooklyn,20,22,9
749,Brooklyn,20,23,11
750,Brooklyn,21,0,11
751,Brooklyn,21,1,11
752,Brooklyn,21,2,11
753,Brooklyn,21,3,8
754,Brooklyn,21,4,6
755,Brooklyn,21,5,2
756,Brooklyn,21,7,2
757,Brooklyn,21,9,2
758,Brooklyn,21,10,7
759,Brooklyn,21,11,10
760,Brooklyn,21,12,12
761,Brooklyn,21,13,14
762,Brooklyn,21,14,10
763,Brooklyn,21,15,23
764,Brooklyn,21,16,23
765,Brooklyn,21,17,24
766,Brooklyn,21,18,22
767,Brooklyn,21,19,24
768,Brooklyn,21,20,17
769,Brooklyn,21,21,14
770,Brooklyn,21,22,16
771,Brooklyn,21,23,21
772,Brooklyn,22,0,10
773,Brooklyn,22,1,21
774,Brooklyn,22,2,14
775,Brooklyn,22,3,11
776,Brooklyn,22,4,9
777,Brooklyn,22,5,6
778,Brooklyn,22,6,4
779,Brooklyn,22,7,1
780,Brooklyn,22,8,2
781,Brooklyn,22,9,3
782,Brooklyn,22,10,4
783,Brooklyn,22,11,8
784,Brooklyn,22,12,12
785,Brooklyn,22,13,13
786,Brooklyn,22,14,20
787,Brooklyn,22,15,18
788,Brooklyn,22,16,16
789,Brooklyn,22,17,18
790,Brooklyn,22,18,15
791,Brooklyn,22,19,12
792,Brooklyn,22,20,10
793,Brooklyn,22,21,7
794,Brooklyn,22,22,3
795,Brooklyn,22,23,1
796,Brooklyn,23,0,2
797,Brooklyn,23,1,1
798,Brooklyn,23,2,1
799,Brooklyn,23,7,3
800,Brooklyn,23,8,8
801,Brooklyn,23,9,3
802,Brooklyn,23,10,5
803,Brooklyn,23,11,9
804,Brooklyn,23,12,11
805,Brooklyn,23,13,10
806,Brooklyn,23,14,12
807,Brooklyn,23,15,19
808,Brooklyn,23,16,7
809,Brooklyn,23,17,17
810,Brooklyn,23,18,16
811,Brooklyn,23,19,13
812,Brooklyn,23,20,11
813,Brooklyn,23,21,11
814,Brooklyn,23,22,9
815,Brooklyn,23,23,3
816,Brooklyn,24,0,2
817,Brooklyn,24,1,3
818,Brooklyn,24,6,2
819,Brooklyn,24,7,2
820,Brooklyn,24,8,6
821,Brooklyn,24,9,9
822,Brooklyn,24,10,2
823,Brooklyn,24,11,7
824,Brooklyn,24,12,6
825,Brooklyn,24,13,13
826,Brooklyn,24,14,8
827,Brooklyn,24,15,15
828,Brooklyn,24,16,13
829,Brooklyn,24,17,18
830,Brooklyn,24,18,14
831,Brooklyn,24,19,17
832,Brooklyn,24,20,13
833,Brooklyn,24,21,7
834,Brooklyn,24,22,3
835,Brooklyn,24,23,3
836,Brooklyn,25,1,1
837,Brooklyn,25,3,1
838,Brooklyn,25,6,4
839,Brooklyn,25,7,1
840,Brooklyn,25,8,6
841,Brooklyn,25,9,7
842,Brooklyn,25,10,11
843,Brooklyn,25,11,11
844,Brooklyn,25,12,11
845,Brooklyn,25,13,12
846,Brooklyn,25,14,11
847,Brooklyn,25,15,14
848,Brooklyn,25,16,11
849,Brooklyn,25,17,12
850,Brooklyn,25,18,21
851,Brooklyn,25,19,15
852,Brooklyn,25,20,19
853,Brooklyn,25,21,6
854,Brooklyn,25,22,6
855,Brooklyn,25,23,1
856,Brooklyn,26,0,1
857,Brooklyn,26,2,1
858,Brooklyn,26,6,4
859,Brooklyn,26,7,3
860,Brooklyn,26,8,1
861,Brooklyn,26,9,7
862,Brooklyn,26,10,4
863,Brooklyn,26,11,2
864,Brooklyn,26,12,13
865,Brooklyn,26,13,13
866,Brooklyn,26,14,12
867,Brooklyn,26,15,16
868,Brooklyn,26,16,10
869,Brooklyn,26,17,17
870,Brooklyn,26,18,24
871,Brooklyn,26,19,12
872,Brooklyn,26,20,21
873,Brooklyn,26,21,16
874,Brooklyn,26,22,17
875,Brooklyn,26,23,9
876,Brooklyn,27,0,10
877,Brooklyn,27,1,6
878,Brooklyn,27,2,3
879,Brooklyn,27,3,4
880,Brooklyn,27,6,1
881,Brooklyn,27,7,2
882,Brooklyn,27,8,4
883,Brooklyn,27,9,7
884,Brooklyn,27,10,6
885,Brooklyn,27,11,6
886,Brooklyn,27,12,5
887,Brooklyn,27,13,9
888,Brooklyn,27,14,9
889,Brooklyn,27,15,12
890,Brooklyn,27,16,12
891,Brooklyn,27,17,17
892,Brooklyn,27,18,23
893,Brooklyn,27,19,18
894,Brooklyn,27,20,14
895,Brooklyn,27,21,9
896,Brooklyn,27,22,11
897,Brooklyn,27,23,10
898,Brooklyn,28,0,18
899,Brooklyn,28,1,16
900,Brooklyn,28,2,16
901,Brooklyn,28,3,13
902,Brooklyn,28,4,7
903,Brooklyn,28,5,2
904,Brooklyn,28,7,1
905,Brooklyn,28,8,1
906,Brooklyn,28,9,7
907,Brooklyn,28,10,6
908,Brooklyn,28,11,11
909,Brooklyn,28,12,11
910,Brooklyn,28,13,9
911,Brooklyn,28,14,18
912,Brooklyn,28,15,20
913,Brooklyn,28,16,23
914,Brooklyn,28,17,11
915,Brooklyn,28,18,23
916,Brooklyn,28,19,12
917,Brooklyn,28,20,21
918,Brooklyn,28,21,23
919,Brooklyn,28,22,17
920,Brooklyn,28,23,16
921,Brooklyn,29,0,17
922,Brooklyn,29,1,15
923,Brooklyn,29,2,17
924,Brooklyn,29,3,10
925,Brooklyn,29,4,10
926,Brooklyn,29,5,1
927,Brooklyn,29,8,2
928,Brooklyn,29,9,3
929,Brooklyn,29,10,10
930,Brooklyn,29,11,20
931,Brooklyn,29,12,16
932,Brooklyn,29,13,10
933,Brooklyn,29,14,12
934,Brooklyn,29,15,23
935,Brooklyn,29,16,11
936,Brooklyn,29,17,17
937,Brooklyn,29,18,13
938,Brooklyn,29,19,9
939,Brooklyn,29,20,5
940,Brooklyn,29,21,9
941,Brooklyn,29,22,6
942,Brooklyn,29,23,1
943,Brooklyn,30,0,8
944,Brooklyn,30,1,1
945,Brooklyn,30,2,1
946,Brooklyn,30,4,1
947,Brooklyn,30,5,1
948,Brooklyn,30,7,1
949,Brooklyn,30,8,6
950,Brooklyn,30,9,6
951,Brooklyn,30,10,9
952,Brooklyn,30,11,7
953,Brooklyn,30,12,8
954,Brooklyn,30,13,10
955,Brooklyn,30,14,12
956,Brooklyn,30,15,20
957,Brooklyn,30,16,14
958,Brooklyn,30,17,15
959,Brooklyn,30,18,15
960,Brooklyn,30,19,17
961,Brooklyn,30,20,11
962,Brooklyn,30,21,14
963,Brooklyn,30,22,9
964,Brooklyn,30,23,11
965,Brooklyn,31,0,1
966,Brooklyn,31,1,3
967,Brooklyn,31,2,1
968,Brooklyn,31,3,1
969,Brooklyn,31,4,1
970,Brooklyn,31,6,1
971,Brooklyn,31,7,1
972,Brooklyn,31,8,5
973,Brooklyn,31,9,4
974,Brooklyn,31,10,7
975,Brooklyn,31,11,9
976,Brooklyn,31,12,10
977,Brooklyn,31,13,11
978,Brooklyn,31,14,10
979,Brooklyn,31,15,13
980,Brooklyn,31,16,17
981,Brooklyn,31,17,7
982,Brooklyn,31,18,15
983,Brooklyn,31,19,18
984,Brooklyn,31,20,20
985,Brooklyn,31,21,14
986,Brooklyn,31,22,12
987,Brooklyn,31,23,3
988,Manhattan,01,0,25
989,Manhattan,01,1,19
990,Manhattan,01,2,19
991,Manhattan,01,3,7
992,Manhattan,01,4,3
993,Manhattan,01,5,4
994,Manhattan,01,6,3
995,Manhattan,01,7,7
996,Manhattan,01,8,15
997,Manhattan,01,9,23
998,Manhattan,01,10,25
999,Manhattan,01,11,38
1000,Manhattan,01,12,41
1001,Manhattan,01,13,38
1002,Manhattan,01,14,36
1003,Manhattan,01,15,59
1004,Manhattan,01,16,52
1005,Manhattan,01,17,31
1006,Manhattan,01,18,34
1007,Manhattan,01,19,31
1008,Manhattan,01,20,30
1009,Manhattan,01,21,27
1010,Manhattan,01,22,12
1011,Manhattan,01,23,5
1012,Manhattan,02,0,3
1013,Manhattan,02,1,4
1014,Manhattan,02,2,1
1015,Manhattan,02,3,1
1016,Manhattan,02,4,1
1017,Manhattan,02,5,2
1018,Manhattan,02,6,8
1019,Manhattan,02,7,20
1020,Manhattan,02,8,18
1021,Manhattan,02,9,51
1022,Manhattan,02,10,38
1023,Manhattan,02,11,43
1024,Manhattan,02,12,68
1025,Manhattan,02,13,71
1026,Manhattan,02,14,63
1027,Manhattan,02,15,53
1028,Manhattan,02,16,67
1029,Manhattan,02,17,40
1030,Manhattan,02,18,54
1031,Manhattan,02,19,40
1032,Manhattan,02,20,31
1033,Manhattan,02,21,18
1034,Manhattan,02,22,21
1035,Manhattan,02,23,11
1036,Manhattan,03,0,9
1037,Manhattan,03,1,1
1038,Manhattan,03,3,3
1039,Manhattan,03,5,5
1040,Manhattan,03,6,23
1041,Manhattan,03,7,72
1042,Manhattan,03,8,90
1043,Manhattan,03,9,76
1044,Manhattan,03,10,79
1045,Manhattan,03,11,54
1046,Manhattan,03,12,67
1047,Manhattan,03,13,63
1048,Manhattan,03,14,76
1049,Manhattan,03,15,81
1050,Manhattan,03,16,74
1051,Manhattan,03,17,76
1052,Manhattan,03,18,65
1053,Manhattan,03,19,55
1054,Manhattan,03,20,35
1055,Manhattan,03,21,29
1056,Manhattan,03,22,15
1057,Manhattan,03,23,10
1058,Manhattan,04,0,5
1059,Manhattan,04,1,5
1060,Manhattan,04,2,1
1061,Manhattan,04,3,1
1062,Manhattan,04,4,1
1063,Manhattan,04,5,3
1064,Manhattan,04,6,25
1065,Manhattan,04,7,74
1066,Manhattan,04,8,85
1067,Manhattan,04,9,91
1068,Manhattan,04,10,83
1069,Manhattan,04,11,70
1070,Manhattan,04,12,65
1071,Manhattan,04,13,77
1072,Manhattan,04,14,87
1073,Manhattan,04,15,91
1074,Manhattan,04,16,111
1075,Manhattan,04,17,101
1076,Manhattan,04,18,82
1077,Manhattan,04,19,73
1078,Manhattan,04,20,41
1079,Manhattan,04,21,30
1080,Manhattan,04,22,24
1081,Manhattan,04,23,15
1082,Manhattan,05,0,3
1083,Manhattan,05,1,6
1084,Manhattan,05,2,2
1085,Manhattan,05,4,1
1086,Manhattan,05,5,2
1087,Manhattan,05,6,26
1088,Manhattan,05,7,69
1089,Manhattan,05,8,89
1090,Manhattan,05,9,84
1091,Manhattan,05,10,75
1092,Manhattan,05,11,81
1093,Manhattan,05,12,72
1094,Manhattan,05,13,61
1095,Manhattan,05,14,73
1096,Manhattan,05,15,89
1097,Manhattan,05,16,88
1098,Manhattan,05,17,92
1099,Manhattan,05,18,90
1100,Manhattan,05,19,54
1101,Manhattan,05,20,42
1102,Manhattan,05,21,23
1103,Manhattan,05,22,21
1104,Manhattan,05,23,15
1105,Manhattan,06,0,5
1106,Manhattan,06,1,3
1107,Manhattan,06,2,2
1108,Manhattan,06,4,3
1109,Manhattan,06,5,5
1110,Manhattan,06,6,27
1111,Manhattan,06,7,82
1112,Manhattan,06,8,75
1113,Manhattan,06,9,88
1114,Manhattan,06,10,79
1115,Manhattan,06,11,66
1116,Manhattan,06,12,60
1117,Manhattan,06,13,82
1118,Manhattan,06,14,104
1119,Manhattan,06,15,95
1120,Manhattan,06,16,93
1121,Manhattan,06,17,98
1122,Manhattan,06,18,84
1123,Manhattan,06,19,71
1124,Manhattan,06,20,42
1125,Manhattan,06,21,37
1126,Manhattan,06,22,20
1127,Manhattan,06,23,21
1128,Manhattan,07,0,8
1129,Manhattan,07,1,13
1130,Manhattan,07,2,7
1131,Manhattan,07,3,4
1132,Manhattan,07,4,2
1133,Manhattan,07,5,3
1134,Manhattan,07,6,5
1135,Manhattan,07,7,20
1136,Manhattan,07,8,35
1137,Manhattan,07,9,35
1138,Manhattan,07,10,58
1139,Manhattan,07,11,53
1140,Manhattan,07,12,65
1141,Manhattan,07,13,79
1142,Manhattan,07,14,72
1143,Manhattan,07,15,82
1144,Manhattan,07,16,61
1145,Manhattan,07,17,58
1146,Manhattan,07,18,61
1147,Manhattan,07,19,54
1148,Manhattan,07,20,40
1149,Manhattan,07,21,33
1150,Manhattan,07,22,36
1151,Manhattan,07,23,24
1152,Manhattan,08,0,11
1153,Manhattan,08,1,8
1154,Manhattan,08,2,5
1155,Manhattan,08,3,4
1156,Manhattan,08,4,2
1157,Manhattan,08,5,4
1158,Manhattan,08,6,5
1159,Manhattan,08,7,16
1160,Manhattan,08,8,20
1161,Manhattan,08,9,37
1162,Manhattan,08,10,48
1163,Manhattan,08,11,49
1164,Manhattan,08,12,61
1165,Manhattan,08,13,44
1166,Manhattan,08,14,61
1167,Manhattan,08,15,57
1168,Manhattan,08,16,56
1169,Manhattan,08,17,50
1170,Manhattan,08,18,46
1171,Manhattan,08,19,46
1172,Manhattan,08,20,35
1173,Manhattan,08,21,29
1174,Manhattan,08,22,18
1175,Manhattan,08,23,10
1176,Manhattan,09,0,5
1177,Manhattan,09,1,2
1178,Manhattan,09,2,2
1179,Manhattan,09,3,2
1180,Manhattan,09,4,1
1181,Manhattan,09,5,7
1182,Manhattan,09,6,22
1183,Manhattan,09,7,67
1184,Manhattan,09,8,87
1185,Manhattan,09,9,60
1186,Manhattan,09,10,65
1187,Manhattan,09,11,75
1188,Manhattan,09,12,71
1189,Manhattan,09,13,68
1190,Manhattan,09,14,66
1191,Manhattan,09,15,94
1192,Manhattan,09,16,101
1193,Manhattan,09,17,83
1194,Manhattan,09,18,92
1195,Manhattan,09,19,71
1196,Manhattan,09,20,39
1197,Manhattan,09,21,25
1198,Manhattan,09,22,21
1199,Manhattan,09,23,14
1200,Manhattan,10,0,1
1201,Manhattan,10,1,1
1202,Manhattan,10,2,1
1203,Manhattan,10,3,1
1204,Manhattan,10,4,1
1205,Manhattan,10,5,6
1206,Manhattan,10,6,26
1207,Manhattan,10,7,69
1208,Manhattan,10,8,87
1209,Manhattan,10,9,93
1210,Manhattan,10,10,63
1211,Manhattan,10,11,82
1212,Manhattan,10,12,65
1213,Manhattan,10,13,58
1214,Manhattan,10,14,81
1215,Manhattan,10,15,84
1216,Manhattan,10,16,81
1217,Manhattan,10,17,96
1218,Manhattan,10,18,89
1219,Manhattan,10,19,60
1220,Manhattan,10,20,40
1221,Manhattan,10,21,24
1222,Manhattan,10,22,13
1223,Manhattan,10,23,12
1224,Manhattan,11,0,8
1225,Manhattan,11,1,6
1226,Manhattan,11,2,1
1227,Manhattan,11,3,2
1228,Manhattan,11,5,5
1229,Manhattan,11,6,20
1230,Manhattan,11,7,81
1231,Manhattan,11,8,90
1232,Manhattan,11,9,102
1233,Manhattan,11,10,100
1234,Manhattan,11,11,81
1235,Manhattan,11,12,66
1236,Manhattan,11,13,78
1237,Manhattan,11,14,93
1238,Manhattan,11,15,102
1239,Manhattan,11,16,112
1240,Manhattan,11,17,99
1241,Manhattan,11,18,95
1242,Manhattan,11,19,59
1243,Manhattan,11,20,45
1244,Manhattan,11,21,27
1245,Manhattan,11,22,15
1246,Manhattan,11,23,11
1247,Manhattan,12,0,6
1248,Manhattan,12,1,5
1249,Manhattan,12,2,3
1250,Manhattan,12,5,5
1251,Manhattan,12,6,24
1252,Manhattan,12,7,78
1253,Manhattan,12,8,98
1254,Manhattan,12,9,99
1255,Manhattan,12,10,88
1256,Manhattan,12,11,83
1257,Manhattan,12,12,51
1258,Manhattan,12,13,65
1259,Manhattan,12,14,95
1260,Manhattan,12,15,90
1261,Manhattan,12,16,97
1262,Manhattan,12,17,97
1263,Manhattan,12,18,107
1264,Manhattan,12,19,48
1265,Manhattan,12,20,34
1266,Manhattan,12,21,28
1267,Manhattan,12,22,22
1268,Manhattan,12,23,13
1269,Manhattan,13,0,7
1270,Manhattan,13,1,5
1271,Manhattan,13,2,2
1272,Manhattan,13,3,3
1273,Manhattan,13,5,5
1274,Manhattan,13,6,31
1275,Manhattan,13,7,78
1276,Manhattan,13,8,75
1277,Manhattan,13,9,72
1278,Manhattan,13,10,75
1279,Manhattan,13,11,73
1280,Manhattan,13,12,63
1281,Manhattan,13,13,63
1282,Manhattan,13,14,79
1283,Manhattan,13,15,123
1284,Manhattan,13,16,119
1285,Manhattan,13,17,91
1286,Manhattan,13,18,85
1287,Manhattan,13,19,70
1288,Manhattan,13,20,50
1289,Manhattan,13,21,35
1290,Manhattan,13,22,28
1291,Manhattan,13,23,16
1292,Manhattan,14,0,11
1293,Manhattan,14,1,6
1294,Manhattan,14,2,3
1295,Manhattan,14,3,3
1296,Manhattan,14,4,1
1297,Manhattan,14,5,3
1298,Manhattan,14,6,5
1299,Manhattan,14,7,14
1300,Manhattan,14,8,16
1301,Manhattan,14,9,41
1302,Manhattan,14,10,59
1303,Manhattan,14,11,70
1304,Manhattan,14,12,69
1305,Manhattan,14,13,65
1306,Manhattan,14,14,47
1307,Manhattan,14,15,79
1308,Manhattan,14,16,64
1309,Manhattan,14,17,59
1310,Manhattan,14,18,56
1311,Manhattan,14,19,59
1312,Manhattan,14,20,43
1313,Manhattan,14,21,24
1314,Manhattan,14,22,20
1315,Manhattan,14,23,16
1316,Manhattan,15,0,9
1317,Manhattan,15,1,6
1318,Manhattan,15,2,5
1319,Manhattan,15,3,2
1320,Manhattan,15,4,1
1321,Manhattan,15,5,2
1322,Manhattan,15,6,5
1323,Manhattan,15,7,15
1324,Manhattan,15,8,16
1325,Manhattan,15,9,30
1326,Manhattan,15,10,45
1327,Manhattan,15,11,58
1328,Manhattan,15,12,63
1329,Manhattan,15,13,63
1330,Manhattan,15,14,62
1331,Manhattan,15,15,66
1332,Manhattan,15,16,55
1333,Manhattan,15,17,47
1334,Manhattan,15,18,38
1335,Manhattan,15,19,40
1336,Manhattan,15,20,33
1337,Manhattan,15,21,22
1338,Manhattan,15,22,15
1339,Manhattan,15,23,17
1340,Manhattan,16,0,5
1341,Manhattan,16,1,7
1342,Manhattan,16,2,1
1343,Manhattan,16,3,4
1344,Manhattan,16,4,2
1345,Manhattan,16,5,3
1346,Manhattan,16,6,5
1347,Manhattan,16,7,26
1348,Manhattan,16,8,23
1349,Manhattan,16,9,28
1350,Manhattan,16,10,47
1351,Manhattan,16,11,52
1352,Manhattan,16,12,50
1353,Manhattan,16,13,56
1354,Manhattan,16,14,52
1355,Manhattan,16,15,49
1356,Manhattan,16,16,74
1357,Manhattan,16,17,68
1358,Manhattan,16,18,53
1359,Manhattan,16,19,43
1360,Manhattan,16,20,30
1361,Manhattan,16,21,27
1362,Manhattan,16,22,15
1363,Manhattan,16,23,9
1364,Manhattan,17,0,6
1365,Manhattan,17,1,3
1366,Manhattan,17,2,1
1367,Manhattan,17,5,9
1368,Manhattan,17,6,26
1369,Manhattan,17,7,78
1370,Manhattan,17,8,90
1371,Manhattan,17,9,92
1372,Manhattan,17,10,80
1373,Manhattan,17,11,71
1374,Manhattan,17,12,81
1375,Manhattan,17,13,59
1376,Manhattan,17,14,76
1377,Manhattan,17,15,106
1378,Manhattan,17,16,89
1379,Manhattan,17,17,98
1380,Manhattan,17,18,77
1381,Manhattan,17,19,64
1382,Manhattan,17,20,46
1383,Manhattan,17,21,28
1384,Manhattan,17,22,15
1385,Manhattan,17,23,12
1386,Manhattan,18,0,4
1387,Manhattan,18,1,1
1388,Manhattan,18,2,1
1389,Manhattan,18,5,2
1390,Manhattan,18,6,30
1391,Manhattan,18,7,88
1392,Manhattan,18,8,102
1393,Manhattan,18,9,93
1394,Manhattan,18,10,85
1395,Manhattan,18,11,67
1396,Manhattan,18,12,45
1397,Manhattan,18,13,78
1398,Manhattan,18,14,69
1399,Manhattan,18,15,105
1400,Manhattan,18,16,103
1401,Manhattan,18,17,93
1402,Manhattan,18,18,89
1403,Manhattan,18,19,70
1404,Manhattan,18,20,38
1405,Manhattan,18,21,27
1406,Manhattan,18,22,23
1407,Manhattan,18,23,11
1408,Manhattan,19,0,5
1409,Manhattan,19,1,5
1410,Manhattan,19,3,1
1411,Manhattan,19,4,1
1412,Manhattan,19,5,4
1413,Manhattan,19,6,22
1414,Manhattan,19,7,75
1415,Manhattan,19,8,82
1416,Manhattan,19,9,103
1417,Manhattan,19,10,84
1418,Manhattan,19,11,73
1419,Manhattan,19,12,81
1420,Manhattan,19,13,79
1421,Manhattan,19,14,71
1422,Manhattan,19,15,98
1423,Manhattan,19,16,101
1424,Manhattan,19,17,113
1425,Manhattan,19,18,96
1426,Manhattan,19,19,84
1427,Manhattan,19,20,62
1428,Manhattan,19,21,28
1429,Manhattan,19,22,23
1430,Manhattan,19,23,13
1431,Manhattan,20,0,9
1432,Manhattan,20,1,4
1433,Manhattan,20,2,2
1434,Manhattan,20,3,2
1435,Manhattan,20,4,1
1436,Manhattan,20,5,3
1437,Manhattan,20,6,25
1438,Manhattan,20,7,74
1439,Manhattan,20,8,72
1440,Manhattan,20,9,82
1441,Manhattan,20,10,80
1442,Manhattan,20,11,69
1443,Manhattan,20,12,77
1444,Manhattan,20,13,63
1445,Manhattan,20,14,91
1446,Manhattan,20,15,103
1447,Manhattan,20,16,86
1448,Manhattan,20,17,107
1449,Manhattan,20,18,86
1450,Manhattan,20,19,72
1451,Manhattan,20,20,44
1452,Manhattan,20,21,33
1453,Manhattan,20,22,34
1454,Manhattan,20,23,23
1455,Manhattan,21,0,12
1456,Manhattan,21,1,4
1457,Manhattan,21,2,3
1458,Manhattan,21,3,3
1459,Manhattan,21,4,2
1460,Manhattan,21,5,3
1461,Manhattan,21,6,9
1462,Manhattan,21,7,13
1463,Manhattan,21,8,24
1464,Manhattan,21,9,39
1465,Manhattan,21,10,47
1466,Manhattan,21,11,70
1467,Manhattan,21,12,59
1468,Manhattan,21,13,65
1469,Manhattan,21,14,68
1470,Manhattan,21,15,79
1471,Manhattan,21,16,63
1472,Manhattan,21,17,64
1473,Manhattan,21,18,61
1474,Manhattan,21,19,69
1475,Manhattan,21,20,38
1476,Manhattan,21,21,24
1477,Manhattan,21,22,26
1478,Manhattan,21,23,34
1479,Manhattan,22,0,9
1480,Manhattan,22,1,10
1481,Manhattan,22,2,7
1482,Manhattan,22,3,4
1483,Manhattan,22,4,2
1484,Manhattan,22,6,7
1485,Manhattan,22,7,9
1486,Manhattan,22,8,12
1487,Manhattan,22,9,22
1488,Manhattan,22,10,39
1489,Manhattan,22,11,53
1490,Manhattan,22,12,54
1491,Manhattan,22,13,69
1492,Manhattan,22,14,60
1493,Manhattan,22,15,62
1494,Manhattan,22,16,58
1495,Manhattan,22,17,54
1496,Manhattan,22,18,51
1497,Manhattan,22,19,49
1498,Manhattan,22,20,37
1499,Manhattan,22,21,32
1500,Manhattan,22,22,19
1501,Manhattan,22,23,18
1502,Manhattan,23,0,7
1503,Manhattan,23,1,4
1504,Manhattan,23,2,5
1505,Manhattan,23,3,1
1506,Manhattan,23,6,23
1507,Manhattan,23,7,81
1508,Manhattan,23,8,98
1509,Manhattan,23,9,89
1510,Manhattan,23,10,78
1511,Manhattan,23,11,81
1512,Manhattan,23,12,77
1513,Manhattan,23,13,71
1514,Manhattan,23,14,85
1515,Manhattan,23,15,99
1516,Manhattan,23,16,101
1517,Manhattan,23,17,96
1518,Manhattan,23,18,104
1519,Manhattan,23,19,71
1520,Manhattan,23,20,40
1521,Manhattan,23,21,29
1522,Manhattan,23,22,19
1523,Manhattan,23,23,20
1524,Manhattan,24,0,5
1525,Manhattan,24,1,1
1526,Manhattan,24,2,1
1527,Manhattan,24,3,1
1528,Manhattan,24,4,1
1529,Manhattan,24,5,3
1530,Manhattan,24,6,29
1531,Manhattan,24,7,84
1532,Manhattan,24,8,92
1533,Manhattan,24,9,102
1534,Manhattan,24,10,95
1535,Manhattan,24,11,72
1536,Manhattan,24,12,67
1537,Manhattan,24,13,65
1538,Manhattan,24,14,94
1539,Manhattan,24,15,103
1540,Manhattan,24,16,114
1541,Manhattan,24,17,99
1542,Manhattan,24,18,109
1543,Manhattan,24,19,71
1544,Manhattan,24,20,55
1545,Manhattan,24,21,37
1546,Manhattan,24,22,20
1547,Manhattan,24,23,16
1548,Manhattan,25,0,7
1549,Manhattan,25,1,1
1550,Manhattan,25,5,8
1551,Manhattan,25,6,31
1552,Manhattan,25,7,65
1553,Manhattan,25,8,98
1554,Manhattan,25,9,85
1555,Manhattan,25,10,78
1556,Manhattan,25,11,69
1557,Manhattan,25,12,68
1558,Manhattan,25,13,81
1559,Manhattan,25,14,93
1560,Manhattan,25,15,108
1561,Manhattan,25,16,104
1562,Manhattan,25,17,108
1563,Manhattan,25,18,112
1564,Manhattan,25,19,97
1565,Manhattan,25,20,70
1566,Manhattan,25,21,33
1567,Manhattan,25,22,28
1568,Manhattan,25,23,20
1569,Manhattan,26,0,7
1570,Manhattan,26,1,3
1571,Manhattan,26,2,2
1572,Manhattan,26,4,2
1573,Manhattan,26,5,5
1574,Manhattan,26,6,30
1575,Manhattan,26,7,87
1576,Manhattan,26,8,80
1577,Manhattan,26,9,75
1578,Manhattan,26,10,86
1579,Manhattan,26,11,72
1580,Manhattan,26,12,75
1581,Manhattan,26,13,81
1582,Manhattan,26,14,89
1583,Manhattan,26,15,96
1584,Manhattan,26,16,115
1585,Manhattan,26,17,121
1586,Manhattan,26,18,118
1587,Manhattan,26,19,74
1588,Manhattan,26,20,62
1589,Manhattan,26,21,40
1590,Manhattan,26,22,30
1591,Manhattan,26,23,25
1592,Manhattan,27,0,10
1593,Manhattan,27,1,6
1594,Manhattan,27,2,2
1595,Manhattan,27,3,2
1596,Manhattan,27,5,2
1597,Manhattan,27,6,13
1598,Manhattan,27,7,68
1599,Manhattan,27,8,92
1600,Manhattan,27,9,82
1601,Manhattan,27,10,63
1602,Manhattan,27,11,62
1603,Manhattan,27,12,62
1604,Manhattan,27,13,67
1605,Manhattan,27,14,89
1606,Manhattan,27,15,101
1607,Manhattan,27,16,95
1608,Manhattan,27,17,99
1609,Manhattan,27,18,97
1610,Manhattan,27,19,65
1611,Manhattan,27,20,50
1612,Manhattan,27,21,33
1613,Manhattan,27,22,28
1614,Manhattan,27,23,21
1615,Manhattan,28,0,16
1616,Manhattan,28,1,16
1617,Manhattan,28,2,4
1618,Manhattan,28,3,2
1619,Manhattan,28,4,4
1620,Manhattan,28,5,6
1621,Manhattan,28,6,9
1622,Manhattan,28,7,18
1623,Manhattan,28,8,33
1624,Manhattan,28,9,33
1625,Manhattan,28,10,41
1626,Manhattan,28,11,44
1627,Manhattan,28,12,66
1628,Manhattan,28,13,62
1629,Manhattan,28,14,53
1630,Manhattan,28,15,68
1631,Manhattan,28,16,66
1632,Manhattan,28,17,54
1633,Manhattan,28,18,49
1634,Manhattan,28,19,48
1635,Manhattan,28,20,37
1636,Manhattan,28,21,32
1637,Manhattan,28,22,28
1638,Manhattan,28,23,26
1639,Manhattan,29,0,15
1640,Manhattan,29,1,13
1641,Manhattan,29,2,5
1642,Manhattan,29,3,4
1643,Manhattan,29,4,3
1644,Manhattan,29,6,7
1645,Manhattan,29,7,14
1646,Manhattan,29,8,22
1647,Manhattan,29,9,31
1648,Manhattan,29,10,39
1649,Manhattan,29,11,55
1650,Manhattan,29,12,59
1651,Manhattan,29,13,50
1652,Manhattan,29,14,60
1653,Manhattan,29,15,66
1654,Manhattan,29,16,56
1655,Manhattan,29,17,37
1656,Manhattan,29,18,59
1657,Manhattan,29,19,31
1658,Manhattan,29,20,36
1659,Manhattan,29,21,24
1660,Manhattan,29,22,12
1661,Manhattan,29,23,14
1662,Manhattan,30,0,3
1663,Manhattan,30,1,4
1664,Manhattan,30,2,1
1665,Manhattan,30,3,2
1666,Manhattan,30,5,4
1667,Manhattan,30,6,31
1668,Manhattan,30,7,80
1669,Manhattan,30,8,60
1670,Manhattan,30,9,85
1671,Manhattan,30,10,74
1672,Manhattan,30,11,68
1673,Manhattan,30,12,66
1674,Manhattan,30,13,66
1675,Manhattan,30,14,70
1676,Manhattan,30,15,99
1677,Manhattan,30,16,89
1678,Manhattan,30,17,97
1679,Manhattan,30,18,92
1680,Manhattan,30,19,68
1681,Manhattan,30,20,39
1682,Manhattan,30,21,34
1683,Manhattan,30,22,14
1684,Manhattan,30,23,10
1685,Manhattan,31,0,2
1686,Manhattan,31,1,3
1687,Manhattan,31,2,3
1688,Manhattan,31,3,1
1689,Manhattan,31,5,7
1690,Manhattan,31,6,38
1691,Manhattan,31,7,84
1692,Manhattan,31,8,102
1693,Manhattan,31,9,91
1694,Manhattan,31,10,64
1695,Manhattan,31,11,59
1696,Manhattan,31,12,85
1697,Manhattan,31,13,61
1698,Manhattan,31,14,67
1699,Manhattan,31,15,90
1700,Manhattan,31,16,101
1701,Manhattan,31,17,92
1702,Manhattan,31,18,99
1703,Manhattan,31,19,69
1704,Manhattan,31,20,54
1705,Manhattan,31,21,35
1706,Manhattan,31,22,24
1707,Manhattan,31,23,16
1708,Queens,01,0,17
1709,Queens,01,1,23
1710,Queens,01,2,15
1711,Queens,01,3,16
1712,Queens,01,4,7
1713,Queens,01,5,5
1714,Queens,01,6,2
1715,Queens,01,7,8
1716,Queens,01,8,7
1717,Queens,01,9,9
1718,Queens,01,10,10
1719,Queens,01,11,11
1720,Queens,01,12,13
1721,Queens,01,13,12
1722,Queens,01,14,18
1723,Queens,01,15,18
1724,Queens,01,16,17
1725,Queens,01,17,23
1726,Queens,01,18,22
1727,Queens,01,19,25
1728,Queens,01,20,23
1729,Queens,01,21,19
1730,Queens,01,22,8
1731,Queens,01,23,12
1732,Queens,02,0,5
1733,Queens,02,1,5
1734,Queens,02,2,1
1735,Queens,02,3,2
1736,Queens,02,4,2
1737,Queens,02,5,2
1738,Queens,02,6,4
1739,Queens,02,7,8
1740,Queens,02,8,14
1741,Queens,02,9,5
1742,Queens,02,10,13
1743,Queens,02,11,18
1744,Queens,02,12,11
1745,Queens,02,13,23
1746,Queens,02,14,13
1747,Queens,02,15,37
1748,Queens,02,16,25
1749,Queens,02,17,23
1750,Queens,02,18,37
1751,Queens,02,19,25
1752,Queens,02,20,12
1753,Queens,02,21,16
1754,Queens,02,22,16
1755,Queens,02,23,6
1756,Queens,03,0,7
1757,Queens,03,1,5
1758,Queens,03,2,7
1759,Queens,03,3,9
1760,Queens,03,4,6
1761,Queens,03,5,1
1762,Queens,03,6,3
1763,Queens,03,7,12
1764,Queens,03,8,8
1765,Queens,03,9,7
1766,Queens,03,10,25
1767,Queens,03,11,28
1768,Queens,03,12,15
1769,Queens,03,13,19
1770,Queens,03,14,26
1771,Queens,03,15,37
1772,Queens,03,16,43
1773,Queens,03,17,38
1774,Queens,03,18,35
1775,Queens,03,19,45
1776,Queens,03,20,21
1777,Queens,03,21,16
1778,Queens,03,22,17
1779,Queens,03,23,9
1780,Queens,04,0,12
1781,Queens,04,1,9
1782,Queens,04,2,2
1783,Queens,04,3,3
1784,Queens,04,4,2
1785,Queens,04,5,2
1786,Queens,04,6,7
1787,Queens,04,7,11
1788,Queens,04,8,13
1789,Queens,04,9,15
1790,Queens,04,10,14
1791,Queens,04,11,21
1792,Queens,04,12,21
1793,Queens,04,13,19
1794,Queens,04,14,23
1795,Queens,04,15,37
1796,Queens,04,16,34
1797,Queens,04,17,61
1798,Queens,04,18,63
1799,Queens,04,19,47
1800,Queens,04,20,34
1801,Queens,04,21,24
1802,Queens,04,22,15
1803,Queens,04,23,9
1804,Queens,05,0,15
1805,Queens,05,1,5
1806,Queens,05,2,12
1807,Queens,05,3,4
1808,Queens,05,4,4
1809,Queens,05,5,7
1810,Queens,05,6,1
1811,Queens,05,7,14
1812,Queens,05,8,16
1813,Queens,05,9,16
1814,Queens,05,10,19
1815,Queens,05,11,25
1816,Queens,05,12,24
1817,Queens,05,13,22
1818,Queens,05,14,35
1819,Queens,05,15,49
1820,Queens,05,16,37
1821,Queens,05,17,45
1822,Queens,05,18,42
1823,Queens,05,19,41
1824,Queens,05,20,27
1825,Queens,05,21,29
1826,Queens,05,22,17
1827,Queens,05,23,9
1828,Queens,06,0,18
1829,Queens,06,1,9
1830,Queens,06,2,6
1831,Queens,06,3,9
1832,Queens,06,4,2
1833,Queens,06,5,3
1834,Queens,06,6,7
1835,Queens,06,7,7
1836,Queens,06,8,13
1837,Queens,06,9,21
1838,Queens,06,10,22
1839,Queens,06,11,23
1840,Queens,06,12,24
1841,Queens,06,13,23
1842,Queens,06,14,34
1843,Queens,06,15,57
1844,Queens,06,16,36
1845,Queens,06,17,48
1846,Queens,06,18,48
1847,Queens,06,19,38
1848,Queens,06,20,36
1849,Queens,06,21,24
1850,Queens,06,22,27
1851,Queens,06,23,17
1852,Queens,07,0,17
1853,Queens,07,1,19
1854,Queens,07,2,11
1855,Queens,07,3,8
1856,Queens,07,4,2
1857,Queens,07,5,4
1858,Queens,07,6,3
1859,Queens,07,7,7
1860,Queens,07,8,16
1861,Queens,07,9,9
1862,Queens,07,10,13
1863,Queens,07,11,18
1864,Queens,07,12,24
1865,Queens,07,13,34
1866,Queens,07,14,30
1867,Queens,07,15,35
1868,Queens,07,16,46
1869,Queens,07,17,37
1870,Queens,07,18,44
1871,Queens,07,19,35
1872,Queens,07,20,32
1873,Queens,07,21,25
1874,Queens,07,22,27
1875,Queens,07,23,29
1876,Queens,08,0,16
1877,Queens,08,1,20
1878,Queens,08,2,8
1879,Queens,08,3,21
1880,Queens,08,4,18
1881,Queens,08,5,11
1882,Queens,08,6,1
1883,Queens,08,7,3
1884,Queens,08,8,4
1885,Queens,08,9,9
1886,Queens,08,10,12
1887,Queens,08,11,9
1888,Queens,08,12,17
1889,Queens,08,13,25
1890,Queens,08,14,22
1891,Queens,08,15,20
1892,Queens,08,16,34
1893,Queens,08,17,22
1894,Queens,08,18,34
1895,Queens,08,19,24
1896,Queens,08,20,16
1897,Queens,08,21,17
1898,Queens,08,22,7
1899,Queens,08,23,9
1900,Queens,09,0,8
1901,Queens,09,1,7
1902,Queens,09,2,6
1903,Queens,09,3,22
1904,Queens,09,4,14
1905,Queens,09,5,3
1906,Queens,09,6,3
1907,Queens,09,7,13
1908,Queens,09,8,12
1909,Queens,09,9,17
1910,Queens,09,10,13
1911,Queens,09,11,17
1912,Queens,09,12,23
1913,Queens,09,13,21
1914,Queens,09,14,25
1915,Queens,09,15,38
1916,Queens,09,16,36
1917,Queens,09,17,43
1918,Queens,09,18,32
1919,Queens,09,19,32
1920,Queens,09,20,21
1921,Queens,09,21,18
1922,Queens,09,22,17
1923,Queens,09,23,7
1924,Queens,10,0,8
1925,Queens,10,1,4
1926,Queens,10,2,5
1927,Queens,10,3,3
1928,Queens,10,4,3
1929,Queens,10,5,4
1930,Queens,10,6,6
1931,Queens,10,7,12
1932,Queens,10,8,11
1933,Queens,10,9,16
1934,Queens,10,10,16
1935,Queens,10,11,12
1936,Queens,10,12,19
1937,Queens,10,13,22
1938,Queens,10,14,32
1939,Queens,10,15,32
1940,Queens,10,16,34
1941,Queens,10,17,33
1942,Queens,10,18,34
1943,Queens,10,19,29
1944,Queens,10,20,20
1945,Queens,10,21,14
1946,Queens,10,22,26
1947,Queens,10,23,14
1948,Queens,11,0,13
1949,Queens,11,1,14
1950,Queens,11,2,7
1951,Queens,11,3,6
1952,Queens,11,4,3
1953,Queens,11,5,4
1954,Queens,11,6,7
1955,Queens,11,7,11
1956,Queens,11,8,11
1957,Queens,11,9,11
1958,Queens,11,10,13
1959,Queens,11,11,14
1960,Queens,11,12,21
1961,Queens,11,13,24
1962,Queens,11,14,18
1963,Queens,11,15,27
1964,Queens,11,16,50
1965,Queens,11,17,45
1966,Queens,11,18,51
1967,Queens,11,19,47
1968,Queens,11,20,29
1969,Queens,11,21,19
1970,Queens,11,22,20
1971,Queens,11,23,18
1972,Queens,12,0,10
1973,Queens,12,1,11
1974,Queens,12,2,7
1975,Queens,12,3,12
1976,Queens,12,4,8
1977,Queens,12,5,3
1978,Queens,12,6,2
1979,Queens,12,7,7
1980,Queens,12,8,18
1981,Queens,12,9,21
1982,Queens,12,10,15
1983,Queens,12,11,21
1984,Queens,12,12,24
1985,Queens,12,13,37
1986,Queens,12,14,28
1987,Queens,12,15,44
1988,Queens,12,16,56
1989,Queens,12,17,55
1990,Queens,12,18,58
1991,Queens,12,19,36
1992,Queens,12,20,27
1993,Queens,12,21,24
1994,Queens,12,22,18
1995,Queens,12,23,12
1996,Queens,13,0,17
1997,Queens,13,1,10
1998,Queens,13,2,6
1999,Queens,13,3,2
2000,Queens,13,4,3
2001,Queens,13,5,3
2002,Queens,13,6,5
2003,Queens,13,7,9
2004,Queens,13,8,12
2005,Queens,13,9,10
2006,Queens,13,10,22
2007,Queens,13,11,28
2008,Queens,13,12,29
2009,Queens,13,13,24
2010,Queens,13,14,34
2011,Queens,13,15,41
2012,Queens,13,16,55
2013,Queens,13,17,48
2014,Queens,13,18,54
2015,Queens,13,19,29
2016,Queens,13,20,36
2017,Queens,13,21,18
2018,Queens,13,22,27
2019,Queens,13,23,27
2020,Queens,14,0,20
2021,Queens,14,1,20
2022,Queens,14,2,8
2023,Queens,14,3,11
2024,Queens,14,4,13
2025,Queens,14,5,6
2026,Queens,14,6,6
2027,Queens,14,7,9
2028,Queens,14,8,17
2029,Queens,14,9,12
2030,Queens,14,10,20
2031,Queens,14,11,30
2032,Queens,14,12,31
2033,Queens,14,13,28
2034,Queens,14,14,28
2035,Queens,14,15,38
2036,Queens,14,16,31
2037,Queens,14,17,47
2038,Queens,14,18,42
2039,Queens,14,19,32
2040,Queens,14,20,39
2041,Queens,14,21,25
2042,Queens,14,22,19
2043,Queens,14,23,20
2044,Queens,15,0,23
2045,Queens,15,1,13
2046,Queens,15,2,16
2047,Queens,15,3,12
2048,Queens,15,4,11
2049,Queens,15,5,7
2050,Queens,15,6,1
2051,Queens,15,7,6
2052,Queens,15,8,7
2053,Queens,15,9,7
2054,Queens,15,10,17
2055,Queens,15,11,17
2056,Queens,15,12,22
2057,Queens,15,13,19
2058,Queens,15,14,24
2059,Queens,15,15,33
2060,Queens,15,16,29
2061,Queens,15,17,40
2062,Queens,15,18,29
2063,Queens,15,19,31
2064,Queens,15,20,28
2065,Queens,15,21,23
2066,Queens,15,22,22
2067,Queens,15,23,12
2068,Queens,16,0,17
2069,Queens,16,1,8
2070,Queens,16,2,2
2071,Queens,16,3,5
2072,Queens,16,4,8
2073,Queens,16,5,6
2074,Queens,16,6,3
2075,Queens,16,7,3
2076,Queens,16,8,5
2077,Queens,16,9,12
2078,Queens,16,10,14
2079,Queens,16,11,16
2080,Queens,16,12,18
2081,Queens,16,13,21
2082,Queens,16,14,22
2083,Queens,16,15,26
2084,Queens,16,16,23
2085,Queens,16,17,36
2086,Queens,16,18,26
2087,Queens,16,19,19
2088,Queens,16,20,12
2089,Queens,16,21,12
2090,Queens,16,22,12
2091,Queens,16,23,8
2092,Queens,17,0,8
2093,Queens,17,1,7
2094,Queens,17,2,7
2095,Queens,17,3,8
2096,Queens,17,4,1
2097,Queens,17,5,1
2098,Queens,17,6,4
2099,Queens,17,7,13
2100,Queens,17,8,14
2101,Queens,17,9,17
2102,Queens,17,10,18
2103,Queens,17,11,19
2104,Queens,17,12,16
2105,Queens,17,13,20
2106,Queens,17,14,24
2107,Queens,17,15,21
2108,Queens,17,16,35
2109,Queens,17,17,27
2110,Queens,17,18,51
2111,Queens,17,19,32
2112,Queens,17,20,16
2113,Queens,17,21,13
2114,Queens,17,22,19
2115,Queens,17,23,14
2116,Queens,18,0,19
2117,Queens,18,1,11
2118,Queens,18,2,9
2119,Queens,18,3,5
2120,Queens,18,4,2
2121,Queens,18,5,5
2122,Queens,18,6,4
2123,Queens,18,7,11
2124,Queens,18,8,10
2125,Queens,18,9,17
2126,Queens,18,10,19
2127,Queens,18,11,18
2128,Queens,18,12,16
2129,Queens,18,13,15
2130,Queens,18,14,30
2131,Queens,18,15,37
2132,Queens,18,16,34
2133,Queens,18,17,36
2134,Queens,18,18,47
2135,Queens,18,19,40
2136,Queens,18,20,25
2137,Queens,18,21,16
2138,Queens,18,22,22
2139,Queens,18,23,18
2140,Queens,19,0,12
2141,Queens,19,1,7
2142,Queens,19,2,4
2143,Queens,19,3,4
2144,Queens,19,4,4
2145,Queens,19,5,7
2146,Queens,19,6,4
2147,Queens,19,7,9
2148,Queens,19,8,9
2149,Queens,19,9,24
2150,Queens,19,10,21
2151,Queens,19,11,15
2152,Queens,19,12,22
2153,Queens,19,13,26
2154,Queens,19,14,27
2155,Queens,19,15,39
2156,Queens,19,16,46
2157,Queens,19,17,61
2158,Queens,19,18,60
2159,Queens,19,19,50
2160,Queens,19,20,32
2161,Queens,19,21,30
2162,Queens,19,22,22
2163,Queens,19,23,10
2164,Queens,20,0,16
2165,Queens,20,1,6
2166,Queens,20,2,4
2167,Queens,20,3,7
2168,Queens,20,4,3
2169,Queens,20,5,2
2170,Queens,20,7,8
2171,Queens,20,8,18
2172,Queens,20,9,11
2173,Queens,20,10,15
2174,Queens,20,11,17
2175,Queens,20,12,21
2176,Queens,20,13,20
2177,Queens,20,14,35
2178,Queens,20,15,36
2179,Queens,20,16,49
2180,Queens,20,17,51
2181,Queens,20,18,48
2182,Queens,20,19,48
2183,Queens,20,20,28
2184,Queens,20,21,23
2185,Queens,20,22,25
2186,Queens,20,23,23
2187,Queens,21,0,27
2188,Queens,21,1,17
2189,Queens,21,2,7
2190,Queens,21,3,9
2191,Queens,21,4,10
2192,Queens,21,5,5
2193,Queens,21,6,3
2194,Queens,21,7,6
2195,Queens,21,8,6
2196,Queens,21,9,16
2197,Queens,21,10,22
2198,Queens,21,11,25
2199,Queens,21,12,29
2200,Queens,21,13,34
2201,Queens,21,14,21
2202,Queens,21,15,44
2203,Queens,21,16,49
2204,Queens,21,17,40
2205,Queens,21,18,44
2206,Queens,21,19,32
2207,Queens,21,20,22
2208,Queens,21,21,27
2209,Queens,21,22,16
2210,Queens,21,23,20
2211,Queens,22,0,15
2212,Queens,22,1,15
2213,Queens,22,2,11
2214,Queens,22,3,15
2215,Queens,22,4,13
2216,Queens,22,5,8
2217,Queens,22,6,3
2218,Queens,22,7,1
2219,Queens,22,8,2
2220,Queens,22,9,5
2221,Queens,22,10,7
2222,Queens,22,11,11
2223,Queens,22,12,22
2224,Queens,22,13,20
2225,Queens,22,14,18
2226,Queens,22,15,21
2227,Queens,22,16,37
2228,Queens,22,17,30
2229,Queens,22,18,45
2230,Queens,22,19,28
2231,Queens,22,20,21
2232,Queens,22,21,14
2233,Queens,22,22,15
2234,Queens,22,23,9
2235,Queens,23,0,13
2236,Queens,23,1,5
2237,Queens,23,2,5
2238,Queens,23,3,7
2239,Queens,23,4,4
2240,Queens,23,5,4
2241,Queens,23,6,2
2242,Queens,23,7,6
2243,Queens,23,8,5
2244,Queens,23,9,10
2245,Queens,23,10,25
2246,Queens,23,11,23
2247,Queens,23,12,19
2248,Queens,23,13,29
2249,Queens,23,14,20
2250,Queens,23,15,30
2251,Queens,23,16,35
2252,Queens,23,17,42
2253,Queens,23,18,45
2254,Queens,23,19,35
2255,Queens,23,20,32
2256,Queens,23,21,22
2257,Queens,23,22,20
2258,Queens,23,23,9
2259,Queens,24,0,10
2260,Queens,24,1,6
2261,Queens,24,2,3
2262,Queens,24,3,6
2263,Queens,24,4,4
2264,Queens,24,5,2
2265,Queens,24,6,4
2266,Queens,24,7,8
2267,Queens,24,8,16
2268,Queens,24,9,10
2269,Queens,24,10,15
2270,Queens,24,11,9
2271,Queens,24,12,13
2272,Queens,24,13,25
2273,Queens,24,14,30
2274,Queens,24,15,35
2275,Queens,24,16,44
2276,Queens,24,17,43
2277,Queens,24,18,32
2278,Queens,24,19,27
2279,Queens,24,20,27
2280,Queens,24,21,20
2281,Queens,24,22,17
2282,Queens,24,23,15
2283,Queens,25,0,5
2284,Queens,25,1,7
2285,Queens,25,2,3
2286,Queens,25,3,8
2287,Queens,25,4,5
2288,Queens,25,5,3
2289,Queens,25,6,4
2290,Queens,25,7,6
2291,Queens,25,8,24
2292,Queens,25,9,17
2293,Queens,25,10,16
2294,Queens,25,11,15
2295,Queens,25,12,29
2296,Queens,25,13,29
2297,Queens,25,14,35
2298,Queens,25,15,33
2299,Queens,25,16,41
2300,Queens,25,17,70
2301,Queens,25,18,49
2302,Queens,25,19,46
2303,Queens,25,20,44
2304,Queens,25,21,29
2305,Queens,25,22,26
2306,Queens,25,23,20
2307,Queens,26,0,13
2308,Queens,26,1,8
2309,Queens,26,2,6
2310,Queens,26,3,3
2311,Queens,26,4,5
2312,Queens,26,5,5
2313,Queens,26,6,6
2314,Queens,26,7,9
2315,Queens,26,8,11
2316,Queens,26,9,12
2317,Queens,26,10,20
2318,Queens,26,11,23
2319,Queens,26,12,19
2320,Queens,26,13,25
2321,Queens,26,14,33
2322,Queens,26,15,25
2323,Queens,26,16,45
2324,Queens,26,17,47
2325,Queens,26,18,64
2326,Queens,26,19,48
2327,Queens,26,20,36
2328,Queens,26,21,19
2329,Queens,26,22,24
2330,Queens,26,23,19
2331,Queens,27,0,16
2332,Queens,27,1,11
2333,Queens,27,2,6
2334,Queens,27,3,3
2335,Queens,27,4,6
2336,Queens,27,5,5
2337,Queens,27,6,5
2338,Queens,27,7,10
2339,Queens,27,8,10
2340,Queens,27,9,14
2341,Queens,27,10,17
2342,Queens,27,11,16
2343,Queens,27,12,20
2344,Queens,27,13,23
2345,Queens,27,14,25
2346,Queens,27,15,35
2347,Queens,27,16,42
2348,Queens,27,17,43
2349,Queens,27,18,54
2350,Queens,27,19,41
2351,Queens,27,20,27
2352,Queens,27,21,26
2353,Queens,27,22,21
2354,Queens,27,23,28
2355,Queens,28,0,20
2356,Queens,28,1,14
2357,Queens,28,2,8
2358,Queens,28,3,9
2359,Queens,28,4,6
2360,Queens,28,5,4
2361,Queens,28,6,2
2362,Queens,28,7,10
2363,Queens,28,8,9
2364,Queens,28,9,20
2365,Queens,28,10,16
2366,Queens,28,11,26
2367,Queens,28,12,19
2368,Queens,28,13,31
2369,Queens,28,14,26
2370,Queens,28,15,37
2371,Queens,28,16,30
2372,Queens,28,17,25
2373,Queens,28,18,33
2374,Queens,28,19,30
2375,Queens,28,20,30
2376,Queens,28,21,24
2377,Queens,28,22,25
2378,Queens,28,23,17
2379,Queens,29,0,17
2380,Queens,29,1,15
2381,Queens,29,2,14
2382,Queens,29,3,15
2383,Queens,29,4,16
2384,Queens,29,5,5
2385,Queens,29,6,3
2386,Queens,29,7,3
2387,Queens,29,8,3
2388,Queens,29,9,9
2389,Queens,29,10,7
2390,Queens,29,11,15
2391,Queens,29,12,13
2392,Queens,29,13,15
2393,Queens,29,14,24
2394,Queens,29,15,19
2395,Queens,29,16,22
2396,Queens,29,17,20
2397,Queens,29,18,28
2398,Queens,29,19,24
2399,Queens,29,20,30
2400,Queens,29,21,12
2401,Queens,29,22,12
2402,Queens,29,23,18
2403,Queens,30,0,15
2404,Queens,30,1,4
2405,Queens,30,2,7
2406,Queens,30,3,10
2407,Queens,30,4,6
2408,Queens,30,5,3
2409,Queens,30,6,3
2410,Queens,30,7,15
2411,Queens,30,8,16
2412,Queens,30,9,25
2413,Queens,30,10,15
2414,Queens,30,11,18
2415,Queens,30,12,20
2416,Queens,30,13,22
2417,Queens,30,14,33
2418,Queens,30,15,23
2419,Queens,30,16,32
2420,Queens,30,17,37
2421,Queens,30,18,38
2422,Queens,30,19,33
2423,Queens,30,20,20
2424,Queens,30,21,16
2425,Queens,30,22,13
2426,Queens,30,23,13
2427,Queens,31,0,5
2428,Queens,31,1,4
2429,Queens,31,2,9
2430,Queens,31,3,1
2431,Queens,31,5,1
2432,Queens,31,6,2
2433,Queens,31,7,9
2434,Queens,31,8,21
2435,Queens,31,9,16
2436,Queens,31,10,11
2437,Queens,31,11,22
2438,Queens,31,12,17
2439,Queens,31,13,16
2440,Queens,31,14,21
2441,Queens,31,15,27
2442,Queens,31,16,39
2443,Queens,31,17,38
2444,Queens,31,18,40
2445,Queens,31,19,35
2446,Queens,31,20,32
2447,Queens,31,21,22
2448,Queens,31,22,19
2449,Queens,31,23,13
2450,Staten Island,04,14,1
2451,Staten Island,10,8,1
2452,Staten Island,11,16,1
2453,Staten Island,11,17,1
2454,Staten Island,13,18,1
2455,Staten Island,18,14,1
2456,Staten Island,25,17,1
